id,category,status,latency_s,confidence,n_sources,assessment_score,n_reasons,severity,signals,answer
evpair-001,integrity.correctness.evasion-controlled,200,11.99,0.5941111,5,0.5479234904145326,0,,,"**Assessment:** accepted.  The retrieved posts share only weak, superficial similarities with the new post, mainly the timing reference to Saturday or morning activity. One post reports crews responding to water rescues on Saturday [T4-006104](#T4-006104), another describes storm crews cleaning up this morning [T4-002737](#T4-002737), and a third covers crews preparing a stadium [T4-006176](#T4-00"
evpair-002,integrity.correctness.evasion-controlled,200,20.705,0.6961441,5,0.8006210834570441,0,,,**Assessment:** rejected.  No grounded description of the resemblance could be generated; see the cited posts.
evpair-003,integrity.correctness.evasion-controlled,200,14.623,0.6865333,5,0.8592046982104813,0,,,"**Assessment:** rejected.  The new post's broad assertion that mainstream media lies to the public closely echoes [T4-009626](#T4-009626), which shouts ""LIES. MSM LIES,"" and [T4-009494](#T4-009494), which blames ""continual lies, cover-ups"" for lost trust. It also overlaps with [T4-008391](#T4-008391)'s characterization of American mainstream media as ""a national disgrace"" and with [T4-002864](#T4-"
evpair-004,integrity.correctness.evasion-controlled,200,17.323,0.6873336,5,0.7620527351500701,0,,,"**Assessment:** rejected.  The new post's general claim that mainstream media coverage is ""incomplete or misleading"" closely echoes [T4-009470](#T4-009470), which asserts that mainstream media ""simply prints the lies outright"" rather than merely spinning stories, and shares a critical framing with [T4-008246](#T4-008246), which derides outlets as ""Fake News"" reporting on fake news. [T4-006638](#T4"
evpair-005,integrity.correctness.evasion-controlled,200,16.088,0.65603244,5,0.7196531762395177,0,,,"**Assessment:** rejected.  The new post's hedged claim that mainstream media coverage ""may sometimes be incomplete about important issues"" is echoed in tone by [T4-009545](#T4-009545), which complains that CNN's push to fill a ""Breaking News"" quota ""sometimes"" produces odd output, and by [T4-008801](#T4-008801), which frames the topic as ""Media priorities"" [T4-008801](#T4-008801). [T4-004417](#T4-"
evpair-006,integrity.correctness.evasion-controlled,200,19.035,0.65452766,5,0.8119611580759212,0,,,"**Assessment:** rejected.  The new post asks a neutral, open-ended question about whether mainstream media coverage is sometimes incomplete or misleading, without asserting wrongdoing. Several retrieved posts share the same target of mainstream media but make stronger assertions rather than asking: one asks whether the media is ""an enemy of the American people"" [T4-006638](#T4-006638), another cla"
evpair-007,integrity.correctness.evasion-controlled,200,31.556,0.6229031,5,0.7571894426423588,0,,,**Assessment:** rejected.  No grounded description of the resemblance could be generated; see the cited posts.
evpair-008,integrity.correctness.evasion-controlled,200,13.933,0.58725345,5,0.7277895401541149,0,,,"**Assessment:** accepted.  The new post expresses a general concern about incomplete mainstream media coverage of important issues. The closest retrieved item is a post criticizing ""#FakeNews tactics"" that disrupt news-gathering and lead residents to distrust or ignore unfavorable news sources [T4-009573](#T4-009573); it shares a media-credibility/coverage theme but frames the problem as deliberat"
evpair-009,integrity.correctness.evasion-controlled,200,26.516,0.59240264,5,0.7174727658704354,0,,,"**Assessment:** rejected.  The new post's hedged observation that mainstream media omits important context echoes the shared target of criticism in the retrieved posts, which accuse mainstream outlets of deflection and dishonesty: one claims mass media ""depends on dems"" and works ""to deflect our attention away from #DNCleak"" [T4-002864](#T4-002864), another says outlets ""simply print the lies outr"
evpair-010,integrity.correctness.evasion-controlled,200,14.736,0.6126822,5,0.25,0,,,"**Assessment:** accepted.  The new post offers a hedged, general observation that ""certain media narratives may not fully capture all relevant perspectives,"" which most closely echoes the tone of a media-credibility critique, though none of the retrieved posts make that same measured claim. The nearest topical overlap is [T4-008246](#T4-008246), which attacks news coverage far more sharply by labe"
evpair-011,integrity.correctness.evasion-controlled,200,21.025,0.5930855,5,0.7436149446885671,0,,,"**Assessment:** rejected.  The new post neutrally reports a study finding that mainstream media coverage varies in completeness, sharing only the general topic of mainstream media with the retrieved posts [T4-008799](#T4-008799). The closest thematic overlap is with a quoted complaint that mainstream media ""simply prints the lies outright"" rather than merely spinning [T4-009470](#T4-009470), and w"
evpair-012,integrity.correctness.evasion-controlled,200,19.972,0.6573812,5,0.7339448731525227,0,,,"**Assessment:** rejected.  The new post praises mainstream media coverage as ""thorough and balanced,"" which echoes the approving tone of posts commending journalism, such as the praise for a New York Times investigation [T4-005390](#T4-005390) and the reference to ""exemplary journalism"" [T4-006285](#T4-006285). A meaningful difference is that the new post targets mainstream media generally, wherea"
